service,total_cost
ai/ml,9.936260225025718
analytics,9.84407900854439
cdn,9.906430684710244
compute,18.121325365234775
data transfer,1.8271261466192543
database,18.182810595772843
kubernetes,10.141162049229099
networking,9.659440106671493
serverless,9.94545116276904
storage,2.4359146554231392
